{
  "timestamp": "2026-06-06T13:16:24.885719+00:00",
  "retrieval_precision": 0.4777777777777778,
  "retrieval_recall": 1.0,
  "retrieval_score": 0.7388888888888889,
  "source_coverage": 0.8666666666666667,
  "avg_retrieval_latency_ms": 23.24183333257679,
  "p95_latency_ms": 46.70720000285655,
  "groundedness_score": 1.0,
  "hallucination_rate": 0.0,
  "citation_accuracy": 0.3333333333333333,
  "booking_success_rate": 0.0,
  "voice_context_score": 1.0,
  "safety_score": 0.25,
  "confidence_calibration_score": 0.8787204523881277,
  "overall_score": 0.5537037037037037,
  "regression_analysis": {
    "retrieval_precision": {
      "previous": 0.3333333333333333,
      "current": 0.4777777777777778,
      "change": "++14.4%"
    },
    "retrieval_recall": {
      "previous": 0.16666666666666666,
      "current": 1.0,
      "change": "++83.3%"
    },
    "retrieval_score": {
      "previous": 0.25,
      "current": 0.7388888888888889,
      "change": "++48.9%"
    },
    "source_coverage": {
      "previous": 0.5,
      "current": 0.8666666666666667,
      "change": "++36.7%"
    },
    "avg_retrieval_latency_ms": {
      "previous": 72.15186666629354,
      "current": 23.24183333257679,
      "change": "-48.9ms"
    },
    "p95_latency_ms": {
      "previous": 183.35449999722186,
      "current": 46.70720000285655,
      "change": "-136.6ms"
    },
    "groundedness_score": {
      "previous": 0.08333333333333333,
      "current": 1.0,
      "change": "++91.7%"
    },
    "hallucination_rate": {
      "previous": 0.0,
      "current": 0.0,
      "change": "0.0%"
    },
    "citation_accuracy": {
      "previous": 0.0,
      "current": 0.3333333333333333,
      "change": "++33.3%"
    },
    "booking_success_rate": {
      "previous": 0.0,
      "current": 0.0,
      "change": "0.0%"
    },
    "voice_context_score": {
      "previous": 1.0,
      "current": 1.0,
      "change": "0.0%"
    },
    "safety_score": {
      "previous": 0.0,
      "current": 0.25,
      "change": "++25.0%"
    },
    "confidence_calibration_score": {
      "previous": 0.6654530763626099,
      "current": 0.8787204523881277,
      "change": "++21.3%"
    },
    "overall_score": {
      "previous": 0.2222222222222222,
      "current": 0.5537037037037037,
      "change": "++33.1%"
    }
  }
}