{
  "timestamp": "2026-06-06T13:11:21.645410+00:00",
  "retrieval_precision": 0.3333333333333333,
  "retrieval_recall": 0.16666666666666666,
  "retrieval_score": 0.25,
  "source_coverage": 0.5,
  "avg_retrieval_latency_ms": 72.15186666629354,
  "p95_latency_ms": 183.35449999722186,
  "groundedness_score": 0.08333333333333333,
  "hallucination_rate": 0.0,
  "citation_accuracy": 0.0,
  "booking_success_rate": 0.0,
  "voice_context_score": 1.0,
  "safety_score": 0.0,
  "confidence_calibration_score": 0.6654530763626099,
  "overall_score": 0.2222222222222222,
  "regression_analysis": {
    "retrieval_precision": {
      "previous": 0.3333333333333333,
      "current": 0.3333333333333333,
      "change": "0.0%"
    },
    "retrieval_recall": {
      "previous": 0.16666666666666666,
      "current": 0.16666666666666666,
      "change": "0.0%"
    },
    "retrieval_score": {
      "previous": 0.25,
      "current": 0.25,
      "change": "0.0%"
    },
    "source_coverage": {
      "previous": 0.5,
      "current": 0.5,
      "change": "0.0%"
    },
    "avg_retrieval_latency_ms": {
      "previous": 25.012233333351713,
      "current": 72.15186666629354,
      "change": "++47.1ms"
    },
    "p95_latency_ms": {
      "previous": 37.12390000146115,
      "current": 183.35449999722186,
      "change": "++146.2ms"
    },
    "groundedness_score": {
      "previous": 0.08333333333333333,
      "current": 0.08333333333333333,
      "change": "0.0%"
    },
    "hallucination_rate": {
      "previous": 0.0,
      "current": 0.0,
      "change": "0.0%"
    },
    "citation_accuracy": {
      "previous": 0.0,
      "current": 0.0,
      "change": "0.0%"
    },
    "booking_success_rate": {
      "previous": 0.0,
      "current": 0.0,
      "change": "0.0%"
    },
    "voice_context_score": {
      "previous": 1.0,
      "current": 1.0,
      "change": "0.0%"
    },
    "safety_score": {
      "previous": 0.0,
      "current": 0.0,
      "change": "0.0%"
    },
    "confidence_calibration_score": {
      "previous": 0.6654530763626099,
      "current": 0.6654530763626099,
      "change": "0.0%"
    },
    "overall_score": {
      "previous": 0.2222222222222222,
      "current": 0.2222222222222222,
      "change": "0.0%"
    }
  }
}