{
  "timestamp": "2026-06-06T13:18:56.474711+00:00",
  "retrieval_precision": 0.7777777777777778,
  "retrieval_recall": 1.0,
  "retrieval_score": 0.8888888888888888,
  "source_coverage": 0.8666666666666667,
  "avg_retrieval_latency_ms": 17.13956666935701,
  "p95_latency_ms": 32.72130000550533,
  "groundedness_score": 1.0,
  "hallucination_rate": 0.0,
  "citation_accuracy": 0.8333333333333334,
  "booking_success_rate": 1.0,
  "voice_context_score": 1.0,
  "safety_score": 1.0,
  "confidence_calibration_score": 0.6287204523881276,
  "overall_score": 0.9537037037037037,
  "regression_analysis": {
    "retrieval_precision": {
      "previous": 0.4777777777777778,
      "current": 0.7777777777777778,
      "change": "++30.0%"
    },
    "retrieval_recall": {
      "previous": 1.0,
      "current": 1.0,
      "change": "0.0%"
    },
    "retrieval_score": {
      "previous": 0.7388888888888889,
      "current": 0.8888888888888888,
      "change": "++15.0%"
    },
    "source_coverage": {
      "previous": 0.8666666666666667,
      "current": 0.8666666666666667,
      "change": "0.0%"
    },
    "avg_retrieval_latency_ms": {
      "previous": 26.576233334102046,
      "current": 17.13956666935701,
      "change": "-9.4ms"
    },
    "p95_latency_ms": {
      "previous": 50.56960000365507,
      "current": 32.72130000550533,
      "change": "-17.8ms"
    },
    "groundedness_score": {
      "previous": 1.0,
      "current": 1.0,
      "change": "0.0%"
    },
    "hallucination_rate": {
      "previous": 0.0,
      "current": 0.0,
      "change": "0.0%"
    },
    "citation_accuracy": {
      "previous": 0.5,
      "current": 0.8333333333333334,
      "change": "++33.3%"
    },
    "booking_success_rate": {
      "previous": 1.0,
      "current": 1.0,
      "change": "0.0%"
    },
    "voice_context_score": {
      "previous": 1.0,
      "current": 1.0,
      "change": "0.0%"
    },
    "safety_score": {
      "previous": 1.0,
      "current": 1.0,
      "change": "0.0%"
    },
    "confidence_calibration_score": {
      "previous": 0.7953871190547943,
      "current": 0.6287204523881276,
      "change": "-16.7%"
    },
    "overall_score": {
      "previous": 0.8731481481481481,
      "current": 0.9537037037037037,
      "change": "++8.1%"
    }
  }
}