{
  "timestamp": "2026-06-06T13:17:06.899879+00:00",
  "retrieval_precision": 0.4777777777777778,
  "retrieval_recall": 1.0,
  "retrieval_score": 0.7388888888888889,
  "source_coverage": 0.8666666666666667,
  "avg_retrieval_latency_ms": 16.08466666948516,
  "p95_latency_ms": 32.279200000630226,
  "groundedness_score": 1.0,
  "hallucination_rate": 0.0,
  "citation_accuracy": 0.3333333333333333,
  "booking_success_rate": 1.0,
  "voice_context_score": 1.0,
  "safety_score": 1.0,
  "confidence_calibration_score": 0.8787204523881277,
  "overall_score": 0.8453703703703704,
  "regression_analysis": {
    "retrieval_precision": {
      "previous": 0.4777777777777778,
      "current": 0.4777777777777778,
      "change": "0.0%"
    },
    "retrieval_recall": {
      "previous": 1.0,
      "current": 1.0,
      "change": "0.0%"
    },
    "retrieval_score": {
      "previous": 0.7388888888888889,
      "current": 0.7388888888888889,
      "change": "0.0%"
    },
    "source_coverage": {
      "previous": 0.8666666666666667,
      "current": 0.8666666666666667,
      "change": "0.0%"
    },
    "avg_retrieval_latency_ms": {
      "previous": 23.24183333257679,
      "current": 16.08466666948516,
      "change": "-7.2ms"
    },
    "p95_latency_ms": {
      "previous": 46.70720000285655,
      "current": 32.279200000630226,
      "change": "-14.4ms"
    },
    "groundedness_score": {
      "previous": 1.0,
      "current": 1.0,
      "change": "0.0%"
    },
    "hallucination_rate": {
      "previous": 0.0,
      "current": 0.0,
      "change": "0.0%"
    },
    "citation_accuracy": {
      "previous": 0.3333333333333333,
      "current": 0.3333333333333333,
      "change": "0.0%"
    },
    "booking_success_rate": {
      "previous": 0.0,
      "current": 1.0,
      "change": "++100.0%"
    },
    "voice_context_score": {
      "previous": 1.0,
      "current": 1.0,
      "change": "0.0%"
    },
    "safety_score": {
      "previous": 0.25,
      "current": 1.0,
      "change": "++75.0%"
    },
    "confidence_calibration_score": {
      "previous": 0.8787204523881277,
      "current": 0.8787204523881277,
      "change": "0.0%"
    },
    "overall_score": {
      "previous": 0.5537037037037037,
      "current": 0.8453703703703704,
      "change": "++29.2%"
    }
  }
}